A,B,target
-0.8555967646726184,-1.3365018098885166,2
-0.9221019277299907,-1.0628996869824725,2
-0.20271381125269705,-0.8219102764981279,2
0.9697457153129614,1.5369998871231951,1
-1.0085833571180414,-0.7969541466360213,2
-1.2884617191596561,-1.3495571516916685,2
1.1729212322503246,0.7392730582467824,1
-0.7145254386052857,1.574241549616929,0
-2.3359019698615446,-0.8470938180872887,0
-0.5820547521647605,-0.9239665292356389,2
-1.1229422754619893,-1.1879272819191222,2
-2.007445333531292,-1.663396731750538,2
-0.36476962463950546,2.1650045550284305,0
-0.7372631334042568,-1.4435706514711142,2
0.4376485100980734,-1.2543926407522823,2
-0.16722799466788496,-0.5306664392511213,2
-0.9826343816699555,-0.6950204961594206,2
-0.24082354817657325,2.5217804634613215,1
-0.20450546014675597,-0.3879366217247395,2
0.5699744030472778,1.0762871874859774,1
-1.636013867960506,-0.011768543392355113,0
-0.5192106180149005,2.275501935457494,0
-1.8569069502848905,-1.1794809005240579,2
0.7801895680532498,0.3543307280245378,1
0.06719648757977614,-0.26601567338413046,2
-0.2853163412388504,2.3649881690465375,0
-1.0110483923124005,-1.070051800507252,2
0.8496297460124913,1.6306849819785292,1
-1.372528665982491,-1.146029231109279,2
0.6877406623773582,1.1039444695896352,1
-0.6011683616561841,1.8578822875069996,0
1.0616742363629466,0.766060752448728,1
-0.22807905024942943,-0.23821546412185046,2
0.3317251969457934,2.10948931468514,1
-0.9982120956134235,1.2061235865735653,0
-0.3595787494755618,1.954563472497407,0
-0.10616584318606481,-0.8323749172927775,2
1.6199760534585854,-0.33504863327303736,1
1.1155304995299027,1.1437008454929065,1
-0.5668260742472845,1.5954931246680557,0
2.1468203890535844,0.037508621279290666,1
0.23548957179977248,0.9527544692188303,1
0.5001172312207578,0.8803913116004186,1
-0.3787899084769577,2.109336341489646,1
0.8734980529370167,1.286118367997785,1
0.8117436780803018,0.8864521834325046,1
-1.9507262109286456,-0.690583309397689,2
1.6322430882859358,0.42623233718875275,1
-1.1461621279322545,0.785978009973902,0
-1.3854926869692745,0.10968148193238403,0
1.14480950123103,1.4346110828863434,1
-2.371861416010426,-1.251061549447575,2
1.2222418023006345,0.6392916335989207,1
-0.8874075279872258,1.703804739544275,0
-1.3974648498715276,0.19163257169924774,0
-0.6075140409095181,-1.0065773452791418,2
-2.035399438124978,-0.9896438470483716,2
-1.5503853904096085,0.24395234540485766,0
0.17290961552094575,2.5047044597110597,0
-1.607540246484056,0.00824095667497482,0
0.2987819140311223,3.7740834717841083,0
1.7614481107149684,-0.3885995665004125,1
0.04609781654616407,-0.732479751259461,2
0.8579124756141586,0.5946450564367168,1
0.23348484323617358,3.1030896985820156,0
-0.10400317813241078,-0.9757221646069333,2
2.159842916465153,-0.6437975166812839,1
-0.45798209492275554,2.3975538580839117,1
1.3084506280562973,0.6918568202970456,1
1.7116652526358824,-0.6162186247204184,2
-2.5813418922725253,-1.3571659140444572,2
-0.8250893155906289,1.838533844572007,0
-0.3069417755794802,-0.8384073834197826,2
0.6546671112718183,-0.9547005295497747,2
-0.8819982132455969,0.7841423349400325,0
1.930944996681819,-0.9194111732506494,1
0.5206638570289182,1.2626935467669742,1
-1.290065569274531,0.3933176982918243,0
-0.2543228269318336,1.9047725537868265,1
-1.6233564720160356,-1.3111791761493112,2
1.3466904815443979,0.7304917933523345,1
-0.3120465010725406,-0.14706798589881032,2
-0.15859905591889523,2.03395373714272,1
-1.2321196064553905,0.44113184799763205,0
-1.3817749308861573,0.0031388608551197184,0
1.0820090934468833,0.5234646197407142,1
-1.0944655605148716,-1.086237862509052,2
-1.7017793754058381,-2.191074010520649,2
-0.7796562856895477,-0.6617599001876128,2
0.3007691051987187,3.4026908928470307,0
-0.4361874044072108,2.4690714123505977,0
0.7100511292257542,1.7590077880082249,1
-1.9832216334651218,-1.0198799759086299,2
-1.390957409909452,0.5482933431334718,0
-0.44789258699727086,2.0264241871528132,0
-1.1636705294330043,0.9566668228853401,0
1.897281259634224,0.1528561622585709,1
-0.7863509203499403,1.4594182658003845,0
0.6645447791477932,1.7983883990157659,1
-2.2462419775741376,-1.3315143555987474,2
0.8763578829126689,1.5842369750402319,1
-0.948528413950235,1.354478771944337,0
-0.2090371703386802,2.304900640665805,0
0.8700665316604678,0.6569723305657236,1
1.3576936457554778,0.7284457286953547,1
-0.8368424665438804,-1.7310502689050073,2
1.191995683463591,-0.11448158980864331,1
0.022674297021714418,-0.8762524775008357,2
-0.14788751732260708,-1.081633950543815,2
-0.3095657052381442,-1.0024191598721852,2
-1.2574483193009214,-0.10040074221959427,0
-0.8746722901192637,-1.1042911289604245,2
-0.812629813129444,-0.8839977936480727,2
0.9729128753514845,0.9864751264985087,1
-0.7021484230546897,1.4872583579048542,0
-0.4922738463871612,1.8131538401577794,0
-0.7663775082761325,1.3654447314161406,0
0.43750534028838806,1.261030093818999,1
-1.6281194931347711,-0.2638664914181319,0
0.37084535592888135,2.2256903105884227,1
-0.03124482841019316,2.047388555366457,1
-0.91435582778423,1.36783686796395,0
0.7883037615872447,1.5704632765210635,1
-1.544934247822126,-1.6610647443888893,2
-1.1615907574315743,1.2321259251052474,0
-1.3161003778895117,0.5166381564596003,0
-0.9661185068515075,2.9534554997577542,1
-1.4157223707223971,-1.0141793833368609,2
-1.2457880162987123,-1.4643256064629342,2
1.535352502532186,0.6010341786957325,1
-1.1945731522158316,0.8971580470906663,0
1.0595646549641546,0.9497475834386241,1
-0.9391310104009793,0.9261049327982243,0
-0.6514785480474361,2.6045061532822773,0
-0.6458229415384538,-0.7600922429741387,2
0.8061379081084321,1.4728101213232776,1
-0.11452679325530868,2.5016474350321936,1
2.139300255407319,0.5634060695538519,1
1.4657975753773513,0.13592597831831343,1
-1.355987146667463,0.36855907339206095,0
1.3688878390669803,-0.12526515430550544,1
0.7913006000997163,1.720871186584406,1
-0.5707910736012687,-0.5851570827173938,2
-0.06506695464716894,-0.8253762035661599,2
-0.3713259101100157,2.8115215370209077,1
-1.1176384902071619,0.578909247843144,0
-0.823806806715841,-0.5551243852384897,2
-0.3749010119949784,-0.5186939679431277,2
-1.5618979193402387,0.07128151505933178,0
-1.1518804479136604,-0.07369271840920144,2
-1.484558271651032,0.1704532273604299,0
1.4707541793512329,0.32639078375408836,1
1.6598819088725547,-0.3376133949563036,1
-1.1723519003492904,0.7559452577252539,0
-1.0074195591366388,0.826233382459991,0
1.0727798859804833,0.6844626522243842,1
-1.2449542713759003,-0.7917671341906779,2
-0.5919466788398946,-0.8481299097299604,2
-0.19274867746907653,2.6144909943868946,0
-1.659833920315573,-0.787102788169131,0
-1.7509996559689882,-0.5237070017085339,1
2.1744716476478363,-0.8689277047604949,1
0.7274679005346862,1.1288609904746694,1
-2.3752139944982895,-1.5505365422665172,0
-0.16111714120007548,2.0959539533421703,0
0.8455398981907463,1.2292800691644385,1
0.4020408866572627,2.0395865043616257,1
-1.1813673323321259,-1.3119088994824426,2
-0.11793322072104706,2.1199206609258394,1
0.977726833931728,0.647779716412394,1
-0.4759499313993807,2.5007908248389787,1
-1.4029157387336137,0.7896780521634139,0
-0.8148260328718634,1.2102685353828304,0
1.5061080402612448,-0.03581487779614756,1
1.9776064462187204,-0.17523180758903,1
-1.908471697303418,-0.5606166770328271,0
-0.21423986652733829,-0.8065982648740213,2
0.14358910845929407,2.4654441525207953,1
2.358852591029272,-0.6598216054716208,1
-0.451642776051275,-1.210311785452091,2
1.6162564454223025,-0.005794922139523928,1
0.4119281792633256,1.4690461553147243,1
-0.3664585445528584,-0.45407640617413647,2
0.8754269084374562,0.7618720655265563,1
-1.5176225897797675,-0.7533127837347353,2
-1.4723730253709664,0.17399229397079874,0
2.061821724095906,-0.34159356384118955,1
1.4868050885497919,0.9487827949932107,1
0.4313164106840288,-0.5513835074003959,2
-1.5889356869177735,-0.7051553015847554,2
-0.989721997422365,1.2528191373481874,0
-2.288347103238803,-1.346563177913083,0
-0.5551142732992891,-0.6467194873690794,2
-1.9283099189193456,-1.603575481906992,2
-1.8562380954553122,-0.6362110600253605,0
-0.7192361346300222,1.3670257533123937,0
-0.11055312270658879,-0.10274538988097803,2
-0.16202604588535086,-0.7569515477742477,2
0.010716347671736015,-1.2210702054543543,2
-1.4299065505777349,-1.1418049440031848,2
0.5282244571789803,3.666990774181062,0
0.6927227550648054,1.1752590530161435,1
0.1512996229944723,-0.5742215803528551,2
-1.0938234031728418,0.9469988851279236,0
-1.2591541893450184,0.7845339091519097,0
-0.7794232209110898,-0.7714358467693634,2
1.249883052165943,0.20813244191140357,1
0.5005184548024151,1.8485152189620404,1
2.8574142462940344,-1.5750916321894728,1
-1.1854251565385,3.5128993948186773,1
1.9722533633146226,-0.4061864993013593,1
-1.6902523408293644,-0.12676068179249134,0
1.0348273829504535,-0.47897664858389966,2
0.5372911946557926,3.5100522607817815,0
-1.185469903034343,-1.3480336040673158,2
-1.8309442148058783,-1.1535154889171324,2
-0.7624731316697761,1.2237531083945927,0
0.7883770595382604,1.3941082258744022,1
-0.2200819148314348,2.4630427506163413,0
2.134524435010643,-0.5151127898111729,1
-0.32240790932643093,-0.6055167429233035,2
1.1153091538128361,1.1589495857594188,1
-0.35993169018288174,2.125089501749118,0
1.2731586990115498,0.632000394895966,1
-0.02461114539588327,2.4288172538715065,0
0.3526037978459331,3.5450500788810837,0
-1.422058244460946,-1.104114619413654,2
1.2763519330255595,0.8369743254798402,1
-0.5047314504467888,-0.9398054237023457,2
-0.044161239229436045,-0.8667874623926954,2
0.7211051046932746,-0.6870840736767789,2
-2.8483460788961454,-2.4073607431208437,0
-0.47619886143587886,1.8520696936818684,0
1.1207188917340567,0.477334633774559,1
-1.796863549774167,-0.6972355275330921,0
0.1546095838474313,-0.2912725708858058,2
-2.850971449868199,-2.472717702217064,0
0.1304299037947778,2.7556436767393295,0
-3.3899424605651487,-1.4543518193821348,2
-2.1907581641564096,-0.8459202695652885,0
0.3696792070404026,1.6992280272482438,1
2.389153438837672,-0.7465429158376728,1
-1.8980456316040635,-0.9898298577032265,2
-0.07479669714522785,-0.902431848054968,2
0.9850197385653837,1.6019601926782132,1
-0.9544492153165515,-1.167598255714998,2
0.323806079082974,3.126615560173865,0
-0.4987657430859902,1.615755535167537,0
2.18675413796835,-0.525110645271925,1
-1.2720296088833842,-0.02732101412407606,0
-0.7559429273347005,1.419655830884722,0
1.1487433795171178,0.8362196099491559,1
0.8596720437949952,1.3896167891829485,1
-0.2568187164113681,2.1531752835087667,0
0.2570663134159712,1.3419563648924422,1
-0.20725783211313464,-0.7578038789519403,2
0.8425128967755205,1.8725921409148563,1
1.09169323316409,0.6834404468003662,1
-0.3868472589620704,2.2505196493665633,0
2.278741319209818,-0.9780444348237882,1
-2.253022133997982,-0.8510118407494303,0
-1.3579184204869241,0.1895324224590077,0
0.7070776277186934,1.577833542260957,1
-0.14682680423340433,-0.3269489643659711,2
-0.33430651927200694,-1.4686379073191251,2
0.6418964948964504,1.3077960881659045,1
-1.4130206818025939,-0.8411939313475778,2
0.17412187916597133,2.060920608201879,1
0.7569251861092094,3.641478351554722,0
-0.6624308949414064,1.4574261181299994,0
-1.994374867365194,-0.7877598163293225,2
-1.7663527242096237,-0.613853928249096,0
-1.7884587382526482,-1.2801170851786858,2
0.5515564075501318,-0.620801498967724,2
0.9090800384907058,1.0437222166766356,1
0.6973729843427625,-0.5095673924332031,2
0.07559317759882067,1.9972849401721549,1
-3.1824627614107057,-1.2481772619940779,2
0.13311617978110224,-0.46999616620786333,2
-0.3589291910750718,2.0898081325771933,1
1.1155760209587293,-0.6927070268447753,2
-0.461096353276387,2.7167145129757126,1
1.4595569308799783,1.0072642232483744,1
-0.4600462751148251,2.7490104753826086,1
-1.390460761129454,0.5160355762797952,0
1.0543247866040322,1.2611068866847095,1
0.15215429364770672,3.174435701003125,0
1.315101072740325,0.7365153820589369,1
-1.456011753125576,0.10382214816304536,0
-2.701450033327923,-1.723203954107212,2
-1.9996894008893946,-1.7795714628880934,2
-0.37472276842546237,2.6473727992078304,1
0.49759451868751003,1.8594612652730187,1
1.282455444993455,0.8226526855214473,1
0.5298011758785475,1.1992559530937783,1
0.20074543633290087,1.9529333310872135,1
-0.1602749160053183,2.7853153603165626,0
0.19180718577822797,2.6328182327509664,0
-0.427222477106714,1.5372489614153213,0
-0.20229071296301981,2.197423517562875,0
1.9823583486226797,0.4712927850557441,1
-0.21804341391758053,3.0495737396744325,0
-1.14316856150543,-1.1533588858043047,2
-1.2627668880619023,-0.7442089994359149,2
-0.3043802276864874,-1.2469238018457358,2
-0.4795226473651616,0.07400971896561415,2
-1.7784817205788466,-0.22555259549367412,0
1.415701955219255,0.43538160038662743,1
-1.5247712344189843,-1.759015272686295,2
-0.10787047508668413,2.2913440820296644,0
-1.9087480588670571,-1.3499328299455313,2
2.0326727395604456,0.1455618186896569,1
-1.1460372425048777,-1.3670148081588929,2
-1.647966494173993,0.06345185651756713,0
1.1093657487878934,0.25046484425372595,1
-1.7892838722520783,-1.1155982892876393,2
0.42052990813637947,1.4778081432981613,1
0.908043529220053,1.1199386363607389,1
-1.8611072806967528,-1.2012332945110809,2
-0.5711148801071799,-0.9299028624653073,2
1.9200414930407885,0.13258192556582238,1
0.4787037150532458,1.6639462653418837,1
-0.7194720036131173,1.4442988647974393,0
-0.7853443053223614,-0.8817997622808381,2
-2.16039845978491,-1.4274059361102882,0
0.40492987750227893,-1.42115335579693,2
1.6849616375194572,-0.16501271970028442,1
-1.4220482838930144,-1.30950154665374,2
-0.9617177691630105,1.32100787083503,0
-2.3209483959163113,-1.4069526832532708,0
-0.33704769150384817,2.1141893018824085,0
-0.8649021254961082,-0.3296646365431557,2
-0.640820263871228,-0.6134655727919696,2
0.09112061809444194,-0.6165171685858654,2
-1.5289895987545634,0.1323753490274726,0
-1.3583601269875207,0.3648096551024206,0
-1.7973699144334794,-0.4146247693246836,0
-0.5009842519340435,1.8030344488662595,0
0.09403381666803623,1.7491592909146223,1
1.765832192953308,-0.06203562991832645,1
-0.8621636774962669,1.1153170399697956,0
-1.0051685885690427,0.273399078146657,0
1.188642068348376,0.9315024220995696,1
1.0417442148031828,0.7606491792396692,1
-0.6002916025632513,-1.0381648136028918,2
0.5868379385942637,0.865132557699815,1
-0.061169969564023985,2.743038183316278,1
-1.596094266195463,0.4419032712157952,0
1.4843723156399657,-0.07077295351907509,1
-0.48054269398029037,-0.44442317745349347,2
-1.1339494103751564,-0.36839236959381993,2
1.5598396399150345,-0.2594563791096631,1
-2.106008411031843,-1.0641646988765758,2
-1.4174288351925055,-0.9622044123195842,2
-0.656519457221657,1.7359815935319727,0
-0.8370042952849217,-0.6250695754685274,2
-0.40715175840695284,-1.6583575489499118,2
-1.4889278910367634,-1.0994107222127953,2
-1.192581541015204,-1.2694942301737555,2
-0.42983028272441526,2.5286818659820653,0
-1.2036946206432544,0.425217307636112,0
0.5102516175162486,1.0522102316304491,1
-1.5070411284118195,0.14102101852213345,0
-2.6446628677673605,-1.022750363200219,2
-0.4322112799854043,1.79177482482195,0
1.141782854798178,0.3410220062948681,1
1.484128103760458,0.3439969207309156,1
-1.0711841043929426,-1.7477924902457969,2
0.931911108083747,1.535297281185362,1
-0.9392479292956816,-0.805977334097076,2
-0.8835017436197167,-0.5395998651188845,2
-1.4083465545248235,0.8440119671009699,0
-1.6008395944038178,0.21843962415248475,0
-1.9491447785366809,-0.5503344216087296,2
-1.0825609929119735,0.575256508020892,0
0.5029732024579368,1.1857701749785055,1
-1.3095859943777897,-0.7853076054641626,2
-0.7376252683909295,1.0317243675018333,0
-1.5494278580940686,0.20614795912527373,0
-2.0474998460762257,-1.5614929763993832,2
-1.1506542305314325,0.8203737652631377,0
1.1875597769279294,0.48863782022752766,1
-1.122151606357164,0.7932431476949993,0
-1.6904576837172018,-0.7573863696292571,2
-1.9170685078907503,-1.5368867074598607,2
0.027905052570887268,2.4867122529275725,0
-1.0352121947149644,-1.084481204855828,2
-0.40213010534762383,2.7908872520535155,1
-1.2841416132381411,-0.010919186468915099,0
-3.3742751030462714,-1.4395681242552898,2
-0.4001417735730032,2.41594480411587,1
-0.24888895778601672,-0.9653548097439857,2
-0.8496756824825775,0.9651136521705533,0
-0.6778324236196048,1.100931135462403,0
0.7579856392193749,1.7923209935677462,1
-0.6686258724431382,-1.0444618998520936,2
0.7538614416211045,-0.4169913702897726,2
-0.27273648048671073,2.7425153610803337,0
-1.0584041708192045,3.210759533608727,1
1.074810576703046,0.5066296155290249,1
1.5001057999898042,0.8996471061617696,1
-1.7175883899216204,-0.2542499243546361,0
-0.8645543733520309,0.5702044760274315,0
1.4517311748392427,0.8773204952576096,1
-0.9019682375636349,1.0807581306021654,0
-0.20066842328790813,1.7907565848195957,1
-1.3535091583842613,0.6872880813278267,0
1.8465735417563844,0.8587084895006994,1
-2.00131779887025,-0.7330572366089152,0
-1.0741146720613794,0.5821695423212199,1
-1.5269271148855488,0.2182371543774343,0
-0.3598369225124709,2.2870413969559253,1
-0.767020525312111,1.5228492600950738,0
1.4978907624012565,0.42712703381086914,1
-2.4109824812606027,-1.5185010880761003,2
-2.0383176338488083,-2.0738594355295157,2
-2.6968859377769556,-1.163362322952275,2
-1.6949618631182717,-0.7195761878815226,2
-0.4782550593327165,2.309288314967619,0
2.029821951739326,-0.2051856093322344,1
-0.23505286794610103,2.5147010286350295,0
0.9738831322586075,0.05884794159068263,2
-0.9827850266707194,3.237977593894788,1
-1.5899066598132334,-0.4533850081262464,2
-0.7564299137719788,1.6678578531639956,0
-0.4322704301886039,-1.4040981928548293,2
0.8552911478955322,0.7845539950624089,1
0.0042618285356310626,2.5450125489292033,0
-1.1357799741766248,-1.1957370830065583,2
0.9197828815688065,1.313614045226446,1
0.5880942953908694,-0.24447229482239796,2
0.46007901996398837,3.7233733662162365,0
0.9360793700436599,1.3396819345658437,1
-0.24259533675646083,1.6886752532072835,1
-1.3007711826271784,-1.3087221242370881,2
-1.8818782032224215,-0.022229683470258443,0
-1.4688362355752869,0.22383702085877488,0
1.952517411665043,-0.23092599247605294,1
-0.4489446715981311,2.946332984200831,1
-1.5301261579215364,-0.7912427776513139,2
-1.4712452652790784,0.5346439810327663,0
-0.38884729313198385,2.431997812533686,0
-0.7966179069557671,-0.290323712039917,2
-1.325102053105243,0.5389126426715112,0
-1.1237663660518658,0.7329677265626646,0
-1.521779781741786,0.33360213422692164,0
-0.6189749461937376,1.3822944444738205,0
-0.718853623257633,1.6498918065366892,0
-1.7540906782533239,-0.26499503229814025,0
-1.3405083282883985,0.4716708156208298,0
-0.2453102428611087,2.025209969480381,1
0.48577970943999016,1.8888530787730253,1
-1.674365835758488,-1.402869537797897,2
0.7023611854288268,1.1013029677308932,1
2.312118097018758,-0.24523024285834394,1
-2.4042349674093773,-1.3981914930656956,0
-0.10472676507559298,2.6023688109912673,1
-1.233970276033551,0.9615886164783967,0
-1.8987328686289664,-0.32822260598234854,0
1.390628387678491,0.5158379536586861,1
-1.722207305518225,-0.06867483702845978,0
-1.7265758479668907,-0.03290456915471229,0
-0.39122715819511356,2.2182097912438015,0
-0.6185893261090527,-1.2719031755642118,2
-1.4154713928180962,0.38111758859685474,0
-1.2117928151026685,-1.382526475612988,2
0.4744260876494244,4.039773686751133,0
2.1357161745883113,-0.7179492081715759,1
1.5079323047819129,0.6554718998707085,1
-1.2976889248689685,-1.3694429872762746,2
-0.877932705096795,-0.9940838722683301,2
-0.6990161730621822,-1.2581218605680484,2
-0.34231221999639994,1.9363586882126724,0
-1.5687974556988928,-0.8218572466317444,2
-0.9747314281310905,0.8598404415133152,0
0.037286363621606755,-0.5248771703685609,2
-1.60397776790267,-1.5072440850539115,2
-0.8037175253173879,1.6365567579969027,0
-0.46904330609887135,-0.7221490286224325,2
-0.05002943673140203,-1.335871419834602,2
-1.4643761988330037,0.03034800528206949,0
-1.3893533579324677,-0.7725081982316475,2
-1.8993575368971363,0.09469996580739881,0
-1.487238075663662,0.3732917204492927,0
0.5244418764411103,1.7621169231516187,1
-1.7836562723448126,-0.0053346021018547685,0
-2.004765639194919,-0.7350059205544517,0
-0.18449221276419747,2.0791113564855332,0
0.3799551870438852,1.6414870643580772,2
-1.4928186779071937,-1.7739639640117502,2
1.4403869523943977,0.7683282605138986,1
-2.9408186039861164,-1.0701366461531276,2
-1.148886620496124,0.7166324472383785,0
-0.9546362974490422,-0.7123990099377104,2
-1.6738151548525542,-1.6477956926528878,2
0.15723780907372809,-0.33459143368256117,2
1.2437855539048108,-0.47955993877549996,2
-0.39223142758914376,1.9039761359712624,0
0.20453992465535253,-1.2270094966565257,2
1.0875762256866248,-0.3799633876320352,2
-0.26877222541986046,-0.8510396670873879,2
-1.2153844530168563,0.7407116588537087,0
-1.233066207458674,-0.6865935911324716,2
-1.0043882905762904,0.45850910261109645,0
1.6005257586680806,0.3806328407897295,1
-0.23007672016474368,2.592160062874381,0
0.8546494279017269,1.40168952341116,1
-0.7736916517513674,1.549570605612987,0
0.8788890094771338,1.1826733696986558,1
-2.6290287103945458,-1.6684333837647096,2
-1.0946809949502658,1.1433885825453913,0
1.9055134610220126,-0.21351505908596224,1
0.053270853416313546,2.4139909901078402,0
0.20848773052006853,2.540817308232697,0
0.5455519707914611,0.7203583460494494,1
1.512914301595613,0.5201543882468503,1
-1.7932030057304753,-1.0311354673862967,2
0.8386369127132552,1.1553292278145786,1
0.10796775981596896,1.5304400992026475,1
-1.8326942639820014,-0.28197041642499143,0
0.8969082466811257,1.2728037228256148,1
-0.8868875161053295,0.8410231273446501,0
-2.032835413762638,-0.49695352639696244,2
1.882305122442621,-0.3106414740035206,1
2.3824831930514603,-0.6265638574643693,1
-0.351414311771981,1.7233349777627065,0
-0.47995012528326464,1.90783756151713,0
-0.6474889639056138,-1.0873559287001895,2
-1.1530060039798835,-1.3954456490579203,2
1.8302444377157425,0.19575847871413643,1
-0.9264079790695897,-0.7889663368058194,2
1.570528461930627,0.6267620069597128,1
-1.18798449315223,0.5666100643538297,0
-0.5235780080840295,1.851048127155348,0
-1.0017423997993429,-1.0505277550786076,2
1.4944861697433367,0.1036867023191691,2
2.1968718705604866,-0.5369320741402781,1
-1.4298185491212128,0.8664057663716855,0
-0.014801198982005825,2.327984916352509,1
0.428288310616039,1.9800467141260933,1
0.8635193252776898,0.2789572567031363,1
1.0583320000356702,0.6494028334208879,1
-1.5723132562867332,-0.4969894841724869,0
0.4884513549042324,1.4785201458881556,1
-0.7783280588508132,1.65728971714861,0
-0.05292573409454793,2.8028041172494316,0
-0.8389916724085583,1.059332239996947,0
-0.9256134253629605,-0.4908809627343066,2
0.07807960877460884,2.169893816720969,1
-1.2921172986660678,-1.6278240337590804,2
-2.530181737329801,-1.5563805347444242,2
-1.1782439355370582,0.6312703709425114,0
-2.0078038819043798,-1.0484763921184057,2
-1.3453845704888683,0.10421661576425156,0
-0.1908640109548062,-1.0903949903457424,2
-1.6430131756356676,-0.2559790775672346,0
-0.16395080978866705,2.0418005325310506,1
-0.6510470177992905,2.1407464725491185,0
1.6122000597276105,0.8182180365672946,1
1.8889741276221677,-0.2779152995637122,1
0.05781019106358709,-0.8257492285248161,2
0.16066574150689816,-0.33820669437295303,2
1.4951156541297022,0.3400399223456503,1
1.0646061116308458,0.6908034354024584,1
-1.8193191947885317,-0.6192919835885604,0
-2.242622991227689,-1.3422374680150129,0
-0.8013517813491682,1.0770379305017208,0
-1.026631411327144,-0.6034689543890353,2
-0.4888760151203482,2.2678116913293414,0
-0.831365412767148,1.7245280707854949,0
0.9999266468609329,0.8774445195969097,1
-1.7622207124648261,-0.9062219542754043,2
-1.24099287190245,0.7204986716735162,0
-1.1941493696657246,3.368774212391222,1
-1.7141513895374438,0.30570201903222693,0
-2.2417848031895584,-1.2765034901771202,2
1.5066532885750572,0.5976384948523656,1
-0.8432897775614686,1.6343307728046814,0
2.114299484421495,0.3947576421677903,1
0.14118074021606697,-1.0361759187326989,2
0.14838077347672463,1.9817416026846182,1
1.8249652101271114,0.13895489099167457,1
1.7507718972144954,0.9608311057815538,1
-0.47705195591510785,2.2095986325110304,0
0.9771209790415133,1.013847943952479,1
-1.7750563061776772,-0.8454395126293823,2
-2.099084186169881,-1.1775190329189347,2
-0.07045591533167372,-0.6659934839835386,2
-0.0909802699079505,2.6983656577125035,1
1.152627138233051,0.8833865853198014,1
-1.5877041309624067,0.44310856688014777,0
-1.1988763368644981,-1.3300907313668349,2
-0.2980457398968309,2.21924139325462,0
1.1495718915077224,0.7890711239185053,1
0.9754830147029424,1.0293068663757854,1
-0.9054642306755826,-0.9923160868193064,2
1.2594633614594648,1.1189357841343255,1
0.855652075693238,1.8505891772264915,1
-0.41824624820181333,2.0743281907388913,0
-1.408573833439576,-0.1024968071584611,0
-0.924085053581122,-1.3318102242571315,2
-1.6858614608904476,-0.3584772942174812,2
1.337835478940558,-0.6517335166892555,2
-1.7997860409509188,-0.4296696115809284,0
-0.08524761578043272,2.331309285414367,0
2.1085185929494212,0.14449901413423094,1
-2.1608943935755085,-1.7322638553773158,2
1.2931669810687714,0.5383753090473637,1
1.0430533982162613,0.6583494118338515,1
-0.18865452963049412,-0.4150662012438304,2
-1.240742297293575,-0.3929404121290565,0
0.589193111540456,1.3451853622206023,1
0.5739169491603715,2.054116455973323,1
-2.0716486708896498,-1.240420573205414,2
1.5009322921576425,0.24362726987512673,1
0.9089778264976688,0.6057350586852854,1
1.180633618143816,1.0483977294197884,1
-1.4403703499770943,0.3347093857135527,0
0.9255406788606987,1.1141253321453304,1
0.5182879170975205,1.643369058868605,1
-0.5000372789828114,2.069355998815184,0
-1.397694664395366,-0.10322983772227468,0
-1.740615211306071,-1.4254356629350762,2
-0.9967183314606699,1.5057644651471884,0
-1.3149478905622345,0.14295673793546648,0
-0.1594804156041516,2.965381772512931,1
1.1399885830613905,1.0061781389567437,1
1.5988878461185005,-0.056808593766693116,1
0.3470632066250974,1.544706608276916,1
-0.6952607419771295,-1.0459422598934607,2
0.3692151411235812,1.869692631431519,1
-0.7781880167523163,-0.1875308609886046,2
0.9558874998947408,1.0988070273747133,1
-0.668442548929042,-0.5063209814713201,2
-1.119227230550703,0.9920572539713065,0
-1.3363676631881505,-1.0116490425313576,2
0.5232365746057721,-0.5291498332979477,2
1.0697065027128467,0.8098287845431096,1
0.12951157613107223,1.8420722490989363,1
0.9588627381726385,-0.23336373808810484,2
0.7295653522501309,2.0081438579712727,1
-1.9430484567215183,-1.5955544175187804,2
1.0941113727541345,0.8014081273393712,1
-1.4617833211891897,-1.403789279420669,2
1.4528523914772986,0.4391448799475842,1
0.3210916226234034,1.5434775829163778,1
0.9600395505053374,1.0282019858548284,1
-0.9123210594277706,1.389219246388069,0
-0.9695706564980726,1.206564777533665,0
-2.67512745873065,-1.1872427649278323,2
-0.0688952735139392,2.425685051522742,1
0.42903458596193056,1.9684481874714972,1
1.1340227832909333,0.8130751781717764,1
0.3635341836167194,1.578079060063831,1
-1.6458471666466488,-0.3376975416874608,0
0.024362622151228752,-1.094798348033889,2
0.48430388384999035,1.6755381274830652,1
0.5003047577353434,3.1586686652676663,0
0.23184856351938832,1.6951729537118658,1
-0.7396352559125166,0.7404346746120851,0
-0.6661403622028412,-0.8127392717549449,2
-1.162147974171467,-1.125593112491057,2
-1.648739675779507,-1.1216796281217527,2
1.8726946828987838,0.5794083178873504,1
-0.7649681680584149,1.7031295724240825,0
-0.5137389218071606,-1.0606987093132976,2
-1.7864457382778502,-1.1373888315905312,2
0.39742574383652185,-1.3005404742900983,2
-1.4302034273342317,0.3077109821642361,0
-1.648087938120734,0.31499184445154305,0
0.00514185482898688,2.425567383703501,1
-1.813440903495344,-2.211282965280991,2
1.7969705302568788,0.20274853814418214,1
-0.4500933552539037,-0.21228055318649564,2
0.21129353990280897,2.8443150552978893,1
-0.3787761154617816,2.265152681796846,0
-1.7963818574632753,-0.7679662752182451,2
-1.5333307318469966,0.4875769249063068,0
-0.4883163109027986,-0.9172652024815593,2
-0.18600135316252442,2.3421850723244075,0
0.7546124508417343,0.9670416262942253,1
-0.2629597001570243,1.993419624617304,0
-1.3353815180342203,0.40306798760137974,0
0.031983367041050315,2.3587840981649144,0
-0.0384619371176983,-0.29790126326976274,2
0.03513747373962661,-0.19679025835702213,2
-1.7788098064713869,-0.4125213787172599,0
-1.7437332578193239,-1.1523065499366605,2
0.1403990541101625,1.5021858070453518,1
0.7659909483182806,1.4480362606365342,1
-0.5526566165802875,-1.2819525866740074,2
0.7705819580719941,1.1261301332050309,1
1.0529147398109115,-0.5196130107475241,2
0.5863780648810453,1.3749379511553939,1
-1.1340956816441434,-0.9985379384148735,2
1.6903258117741449,-0.5293062611800445,1
0.9199223895159956,0.8935277626497807,1
-1.554349232223789,0.16863391468948374,0
-0.6566537880440624,1.3482955777648038,0
0.8253722428124758,0.8391160489142782,1
-1.0599935208841123,0.8369301311546608,0
0.1787562907055762,-0.570134964683104,2
-0.5737259296310815,1.525373577770973,0
0.09458782573823066,-0.942287494631505,2
-1.3559189895282089,-1.0095170941767249,2
-0.2609987153669787,-0.5919709516954874,2
0.5274700934424423,0.793599058533158,1
1.5388758516636925,0.9234929206777363,1
-1.4443330230017704,0.6955299416897764,0
-2.3683140720842397,-1.0848593964965825,2
-2.515721161191305,-1.7285542549613777,2
0.2781543551158918,1.5932587848877997,1
-1.1818535747822578,-0.35163902306882755,2
2.6556009453101543,0.29690411432758834,2
-1.1233993315406843,-0.1672052014337786,2
-0.8621285334594961,0.8078211541760085,0
-0.27150661237355755,1.8785563551946218,0
-1.6838334138493318,-0.014996963525107265,0
-0.34206650438373587,2.451344804175293,1
-1.0052102336423139,1.683052297095669,0
-0.4251026811493983,2.1394226761082256,0
-1.146990138101575,0.943537459098005,0
-0.9213513551025968,1.121313648830862,0
-0.9903483615887997,-1.5726136799881345,2
-1.5823364073388464,-0.34243500777806357,0
0.6594969359180572,1.9657234164418116,1
-1.6147641552881242,-0.2999299153456991,0
-1.4400193469309535,0.7800471274991558,0
0.5258574427274154,1.4777379588585244,1
0.5268793609766624,1.7058791057280465,1
-0.1029391758297532,1.989076279338357,0
0.14556297611170743,2.023847522513747,1
-1.0166445887626316,-1.1449565748716526,2
0.1255315010547421,2.104763892104557,0
0.09259485742593432,1.7981235341135813,1
1.7286704141702405,0.7014929947290812,1
-0.4137844290523036,-0.924268325011198,2
-0.48093882936289156,-0.9622312558597147,2
2.4436591263562066,-0.5015595100031129,1
-2.42292651662774,-1.1104283872621763,2
-2.111085161258809,-1.0078519883609336,2
-0.4183589695894073,2.1773738469893447,0
0.950777622285084,1.4610729416709969,1
2.5168461667284627,-0.16267743111388877,1
-1.4619732108663444,-0.9025239545668503,2
-0.627870188828916,3.109828587838456,1
0.035300328634286005,2.3887500689996286,1
-3.234293038848732,-2.2170883712759206,2
1.8113886889926714,-0.6202813168358483,1
-0.5409698353978326,0.9684204319145272,0
-2.623457448415591,-0.9409369717832325,2
-1.9833737036299688,-1.2273144046941813,2
0.8151357053346684,1.2308437706776054,1
-1.10357079757794,1.070041989881784,0
-0.847404142451928,0.7299128802725832,0
-0.07924046536114615,2.058777081843668,0
1.19021945504,0.7880939986239257,1
0.2020806363913219,-0.7790400501254104,2
-1.0909767901718648,-0.8918212904767722,2
-1.6058346839887725,0.15633884358113825,0
-0.47257121797632107,1.5726032915277872,0
-0.5960245763146422,1.5069052117585975,0
1.316643578961129,0.17767092405104268,1
-1.013868517571054,-1.1522270657972835,2
-1.6598983922449446,-0.29943479643763515,0
-1.149199371662896,-1.5476446248826243,2
-1.0110608394767702,-0.6849024285230996,2
-0.6330693709409423,1.6834876715809672,0
-1.6374914548028934,-0.8798909106458304,2
-1.504383443665062,-0.7863038845644077,2
0.32872863645153516,0.07784737120535423,2
3.2413526769249095,-2.1934021428291652,1
-0.9666175117446729,0.4767965174978759,0
-0.49315375898083724,-0.5240150574082187,2
-1.3850120443786826,0.5964542302387476,0
-0.27440301532062694,2.2781207798206196,0
0.015559842473279573,3.069437122457376,1
-0.9368753691273901,1.376053067825272,0
-1.50607090697686,0.2318731755527631,0
-1.5351050902907912,0.10182593664914252,0
0.5925998739288441,-0.26552108054413237,2
-1.695655672226244,-1.3109985166064126,2
-0.6590561886744204,-1.1260406191038939,2
1.2193657318701963,4.048934452872356,0
-1.0496082937895288,1.263591602036151,0
0.6668884940268258,1.4932548551477418,1
-0.6457268075847866,1.7620398539807152,0
-0.8576285655286473,0.9313447673644042,0
-2.1714788857460903,-1.2755795194151804,2
1.5356273176401887,0.42081204306369036,1
0.31368053435781573,-0.43148861878150535,2
-0.7187176913525118,1.200430234775976,0
-0.40874647562925037,-0.6643528312630481,2
1.5144216313014272,0.2505650281358619,1
-0.6777561384428159,1.7252670919977067,0
-0.24634165576701683,2.016731827700755,1
0.27534174807095046,0.9912227297058542,1
2.07756201775586,-0.3982366161047308,1
0.04876035624982045,-0.9022497778657007,2
-0.0728642821299168,2.574801696599617,1
0.05031637808320755,2.5347308554026675,1
1.5215255576628837,0.6323696991072052,1
0.8653288973214237,-0.6312735107755458,2
-1.587110107346775,-1.1068565831611625,2
-0.8062288040008667,3.1652393506208725,1
1.8242404089252724,0.39378650243979396,1
0.1513641813669362,-0.8239332208175669,2
-0.5040904178261117,-1.016103455479836,2
-1.526616669876879,-1.3865684386850854,2
1.4150091171733143,1.0416650845028703,1
-1.258639718769403,0.6006931453484822,0
-0.8436522503685527,-0.9683339076406634,2
-1.0648631130568043,1.1797498565687592,0
-1.1022578326905346,0.8895407621512165,0
-0.4367934537402981,1.9248435352962892,0
-1.8481534038859015,-0.1439151444121518,0
-0.9769134516134793,1.3250830449017543,0
-1.115610436462733,1.1166249657566503,0
0.8576142459547835,1.2704488373887468,1
-2.3256949254285977,-1.1018239604702365,2
-1.2867814922176328,-0.42030954466551085,2
-1.044549379085613,-1.2873180423579151,2
-0.6261390082514864,1.5045390229679054,0
-0.7527883868720798,-0.7862282895122882,2
-0.03537420455720819,-0.4307917241798498,2
-2.217362104514179,-0.9845126346789652,0
-0.31872384495378525,-1.1715102784232458,2
-0.637990828866396,1.8252862246032149,0
-0.5066133423758559,-1.1822914627887995,2
-0.5234080804673791,1.871722820744896,0
-0.2569315594078162,1.8597803143760339,0
0.14103346705679976,1.7473192504574382,1
-1.4708708870646146,-1.3120053470227728,2
0.7858071102135791,1.1144300535168357,1
0.33310941184253307,-0.7958157523033105,2
-1.2986253968868149,-0.8643402840198819,2
1.0402438541362,0.874539418315807,1
-1.4517247567574447,-0.8751145748112187,2
1.6181248121683804,-0.2972382808714824,1
0.4393612293575536,1.6315893818158478,1
0.7441726984303211,1.123374310783991,1
0.5328553161734704,1.3391471842991811,1
1.426549697282105,0.8206922823792226,1
-0.9758100412347078,-1.114924825414471,2
-0.21214085593827237,1.9683241537102663,0
-1.440367313971799,-0.9185266190544347,2
-0.5914262653766327,1.6448545187119898,0
-0.4117432590001089,2.354454674958589,1
0.6009567839904436,1.6017723314717514,1
0.9728558443916508,-1.1216143690039648,2
1.2523751601888202,0.39128888869761147,1
0.7297735691923417,1.8365088254557378,1
1.082269437159305,0.7408066137103887,1
1.6549106012678028,-0.01266326472960122,1
-1.3865833030776127,0.35551029729614536,0
1.6869698426692814,-0.7226174593194974,2
2.029070599626033,-0.7133101889828315,1
-1.6778228605947083,0.30245080520561807,0
-0.9824506341196394,0.8301224249698667,0
-2.1807260519148572,-0.8344527902975736,2
-0.5087457153353592,2.379415143752933,1
-3.0830911131461605,-1.6869307026396552,2
-0.42038009595182135,2.231868388176398,0
-1.2339184066139168,0.5494718936367324,0
1.1175624748383965,0.11906269545351522,1
-1.721915721349274,-1.2692753843046378,2
-0.28007373213320275,-0.6774702857533494,2
-1.073540143872465,0.972531591759801,0
-0.7439385613575566,2.209427891678951,0
-1.5799469391731655,-0.7007485886608469,2
2.273642101824517,-0.1112151589784598,1
-0.7480673787913792,1.0862199879982517,0
1.844060175196216,0.20097929640144674,1
-3.2967921803423166,-1.3781946654775652,2
1.5723062080553603,-0.6368790578265162,2
0.031852909348914826,-0.956465489420322,2
-2.2016885287603407,-0.9779002071879737,0
1.0499803308081024,0.8609590663293867,1
0.4546543258688889,3.6862666436403315,0
-0.7440427759898309,-1.3435676722688994,2
-0.35843704120781417,-0.9201762555213593,2
-0.7894310222373768,-1.6700063596382504,2
-1.3787906082312058,0.3161753109978048,0
-0.8027730109208991,1.450922829444633,0
0.0383522177715121,-0.6436024266779027,2
-1.01908404841085,0.9675619326777498,0
-1.709960027099618,-0.019400438480524196,0
-1.2996543865132324,0.3692337146668969,0
0.8639160544379302,0.8946621708109657,1
2.1688182139988332,0.030642367492890732,1
-0.6921205537437929,-0.8831716845139408,2
-0.15521236258737403,1.9030792284419484,1
-1.1962464129121548,0.3192634458373459,0
2.722265624651129,-0.9647063704761181,1
0.8217699167505067,1.2987240447945456,1
0.8878157815731406,0.9906144401848342,1
-1.4970072849584206,-1.3652817425777652,2
1.6107929225290873,0.43736008681102123,1
-1.2101545624666081,-0.532060033338962,2
1.1098853147942824,0.2582939620243979,1
1.2963317987715866,1.351327899375883,1
1.5288292444662992,0.32442632978432595,1
-0.043703609318830994,-0.5495344810447488,2
-0.2587003975555985,-0.2946030179518089,2
-1.360431543979779,-1.0607295126933793,2
-2.613877698433811,-1.6250782991671038,0
-0.8391209019756237,1.7485040184185174,0
-1.8611596208659102,-0.9580623843645482,2
-0.5856628377995774,1.564724488160934,0
-2.288706936551624,-1.3122004562754526,2
-2.556910210763455,-1.1314795661105213,2
-1.1127453454444531,0.7446015610586109,0
0.20126881203542113,1.9151989655046249,1
-1.4464135778801026,-1.3014931673823384,2
-1.4604513164507182,-1.1219246654989625,2
-1.6122799781857864,0.1171538976036196,0
-0.6512109171687401,1.7370162175357988,0
-2.4028124521227063,-1.2705690841896375,2
-1.7484247221511158,-1.2199890323502056,2
0.3972235785392033,2.1954441940836724,1
-1.8361171428082248,-0.6265404950848852,2
0.4765724921839992,1.4110039099622202,1
1.2127102922174469,0.8429224579854607,1
0.2515030893669379,3.3375478866072896,0
-2.252640130066954,-0.9013528790152574,0
-0.700409654341014,1.4268267351113402,0
-4.123140161469619,-1.6191881032499205,2
-0.6454735985697886,-0.8147017286473264,2
-1.1283080684172728,0.29753082358998106,0
-1.2740483749852007,-1.8157162003270835,2
-1.4585242494387445,-0.9966580139107915,2
1.588679166950333,0.27512833835615946,1
-0.22882212673438018,2.238290632818263,1
-1.2130166787589918,-1.1609371941651414,2
-0.6505268505002008,-0.826392016319114,2
-1.9092282735630435,-0.7368452641519827,2
-1.6508940330341917,-0.502772041843816,0
2.5935670055467517,-0.8750077724501408,1
1.4466931353125778,0.011873790560524511,1
1.0331388165651028,0.5136731473964833,1
0.27393174798969877,-0.8173507025329971,2
-1.4626830971562637,-0.3111470104000653,0
-1.1362809640727962,0.6719215258807841,0
-0.8311058981537816,1.5138518860222552,0
0.8798580155414527,0.9541015920056305,1
-0.6819335760310199,2.18165049385669,0
0.2514731476371288,2.026795815797909,1
-1.4913889141581491,-1.1618256320760805,2
-2.6782357999496167,-1.6138190261177559,2
-1.3931869031580852,-0.6061566703267242,2
-1.3655090348118775,-1.1517927108506387,2
-0.5966072099854078,1.4978356741315906,0
-0.792629827658416,2.9568592783059593,1
-1.6928551857499543,0.07926380302238578,0
-0.4703466916809891,2.037133608272105,0
1.3086297817676527,0.2313471591974302,1
-1.94910983372435,-0.6616841041972843,0
-1.168736702421322,-0.9206856953474762,2
-1.150729012849126,0.48549126895490946,0
1.7957776707757374,0.5425486599115357,1
0.7877053500149855,1.6970465382237176,1
-1.571055474873945,0.3581900866066795,0
-0.667070370124781,-0.5563339182131195,2
-0.6234908254067852,-0.4304295269090149,2
-1.4028050096901044,-1.4091266651486867,2
1.2774420169632632,1.559954250620211,1
-2.18418870546137,-1.0472563248980882,2
-1.4976015523806756,0.45139599424576116,0
1.3611060131596673,0.20669865090555406,1
-2.124081022779488,-1.3622487705583657,0
-0.8900396281911003,-0.888685159351411,2
1.0335754201048681,0.3222734598224404,2
1.0677073617359751,0.5086617803235522,1
-0.8824115937009018,-0.8167495639861583,2
-2.27123043789783,-0.9171383697028346,0
-0.9286017574460992,1.003359937410539,0
-1.3284545207176586,0.7026230971217622,0
-1.3734715152782757,-1.3976565569517687,2
-1.7415719090296933,-0.9490609442671003,0
0.5448348332512455,1.093187490368255,1
-0.32577871373183,2.06361641641668,0
-1.2106486455218335,0.6645530289635567,0
1.7332554509631195,0.05338892671991957,1
-1.3922427627345733,-1.1068777427565233,2
-0.15296193164592897,1.9980356983849688,1
-0.9726233330759722,1.0379856802428709,0
-0.8697678245585665,-0.5131512341565871,2
-1.7762378132308332,-1.1959597421673183,2
-1.036818146207267,0.6200838649617604,0
-1.0609612865229616,-0.7321185142704367,2
-1.3240916547298913,-1.3525235425019488,2
-2.3432181827107477,-1.5027788820483297,0
0.9754608430606421,0.8392272684007394,1
-0.7134309056359041,1.4906556083961657,0
0.307423916508372,1.5749904127108572,1
-0.40959257987224695,1.5821966628647512,0
-1.329128549430806,-0.9249804502703464,2
1.552957517838492,0.2719285770810911,1
0.35957183734539244,-0.925903754824775,2
0.26296125521983227,1.56021163689221,1
